Thumbs,HDImages
https://raw.githubusercontent.com/indpDB/UC-ImageApp-GradientWallpapers/master/TH/1.png,https://raw.githubusercontent.com/indpDB/UC-ImageApp-GradientWallpapers/master/HD/1.png
https://raw.githubusercontent.com/indpDB/UC-ImageApp-GradientWallpapers/master/TH/2.png,https://raw.githubusercontent.com/indpDB/UC-ImageApp-GradientWallpapers/master/HD/2.png
https://raw.githubusercontent.com/indpDB/UC-ImageApp-GradientWallpapers/master/TH/3.png,https://raw.githubusercontent.com/indpDB/UC-ImageApp-GradientWallpapers/master/HD/3.png
https://raw.githubusercontent.com/indpDB/UC-ImageApp-GradientWallpapers/master/TH/4.png,https://raw.githubusercontent.com/indpDB/UC-ImageApp-GradientWallpapers/master/HD/4.png
https://raw.githubusercontent.com/indpDB/UC-ImageApp-GradientWallpapers/master/TH/5.png,https://raw.githubusercontent.com/indpDB/UC-ImageApp-GradientWallpapers/master/HD/5.png
https://raw.githubusercontent.com/indpDB/UC-ImageApp-GradientWallpapers/master/TH/6.png,https://raw.githubusercontent.com/indpDB/UC-ImageApp-GradientWallpapers/master/HD/6.png
https://raw.githubusercontent.com/indpDB/UC-ImageApp-GradientWallpapers/master/TH/7.png,https://raw.githubusercontent.com/indpDB/UC-ImageApp-GradientWallpapers/master/HD/7.png
https://raw.githubusercontent.com/indpDB/UC-ImageApp-GradientWallpapers/master/TH/8.png,https://raw.githubusercontent.com/indpDB/UC-ImageApp-GradientWallpapers/master/HD/8.png
https://raw.githubusercontent.com/indpDB/UC-ImageApp-GradientWallpapers/master/TH/9.png,https://raw.githubusercontent.com/indpDB/UC-ImageApp-GradientWallpapers/master/HD/9.png
https://raw.githubusercontent.com/indpDB/UC-ImageApp-GradientWallpapers/master/TH/10.png,https://raw.githubusercontent.com/indpDB/UC-ImageApp-GradientWallpapers/master/HD/10.png
https://raw.githubusercontent.com/indpDB/UC-ImageApp-GradientWallpapers/master/TH/11.png,https://raw.githubusercontent.com/indpDB/UC-ImageApp-GradientWallpapers/master/HD/11.png
https://raw.githubusercontent.com/indpDB/UC-ImageApp-GradientWallpapers/master/TH/12.png,https://raw.githubusercontent.com/indpDB/UC-ImageApp-GradientWallpapers/master/HD/12.png
https://raw.githubusercontent.com/indpDB/UC-ImageApp-GradientWallpapers/master/TH/13.png,https://raw.githubusercontent.com/indpDB/UC-ImageApp-GradientWallpapers/master/HD/13.png
https://raw.githubusercontent.com/indpDB/UC-ImageApp-GradientWallpapers/master/TH/14.png,https://raw.githubusercontent.com/indpDB/UC-ImageApp-GradientWallpapers/master/HD/14.png
https://raw.githubusercontent.com/indpDB/UC-ImageApp-GradientWallpapers/master/TH/15.png,https://raw.githubusercontent.com/indpDB/UC-ImageApp-GradientWallpapers/master/HD/15.png
https://raw.githubusercontent.com/indpDB/UC-ImageApp-GradientWallpapers/master/TH/16.png,https://raw.githubusercontent.com/indpDB/UC-ImageApp-GradientWallpapers/master/HD/16.png
https://raw.githubusercontent.com/indpDB/UC-ImageApp-GradientWallpapers/master/TH/17.png,https://raw.githubusercontent.com/indpDB/UC-ImageApp-GradientWallpapers/master/HD/17.png
https://raw.githubusercontent.com/indpDB/UC-ImageApp-GradientWallpapers/master/TH/18.png,https://raw.githubusercontent.com/indpDB/UC-ImageApp-GradientWallpapers/master/HD/18.png
https://raw.githubusercontent.com/indpDB/UC-ImageApp-GradientWallpapers/master/TH/19.png,https://raw.githubusercontent.com/indpDB/UC-ImageApp-GradientWallpapers/master/HD/19.png
https://raw.githubusercontent.com/indpDB/UC-ImageApp-GradientWallpapers/master/TH/20.png,https://raw.githubusercontent.com/indpDB/UC-ImageApp-GradientWallpapers/master/HD/20.png
https://raw.githubusercontent.com/indpDB/UC-ImageApp-GradientWallpapers/master/TH/21.png,https://raw.githubusercontent.com/indpDB/UC-ImageApp-GradientWallpapers/master/HD/21.png
https://raw.githubusercontent.com/indpDB/UC-ImageApp-GradientWallpapers/master/TH/22.png,https://raw.githubusercontent.com/indpDB/UC-ImageApp-GradientWallpapers/master/HD/22.png
https://raw.githubusercontent.com/indpDB/UC-ImageApp-GradientWallpapers/master/TH/23.png,https://raw.githubusercontent.com/indpDB/UC-ImageApp-GradientWallpapers/master/HD/23.png
https://raw.githubusercontent.com/indpDB/UC-ImageApp-GradientWallpapers/master/TH/24.png,https://raw.githubusercontent.com/indpDB/UC-ImageApp-GradientWallpapers/master/HD/24.png
https://raw.githubusercontent.com/indpDB/UC-ImageApp-GradientWallpapers/master/TH/25.png,https://raw.githubusercontent.com/indpDB/UC-ImageApp-GradientWallpapers/master/HD/25.png
https://raw.githubusercontent.com/indpDB/UC-ImageApp-GradientWallpapers/master/TH/26.png,https://raw.githubusercontent.com/indpDB/UC-ImageApp-GradientWallpapers/master/HD/26.png
https://raw.githubusercontent.com/indpDB/UC-ImageApp-GradientWallpapers/master/TH/27.png,https://raw.githubusercontent.com/indpDB/UC-ImageApp-GradientWallpapers/master/HD/27.png
https://raw.githubusercontent.com/indpDB/UC-ImageApp-GradientWallpapers/master/TH/28.png,https://raw.githubusercontent.com/indpDB/UC-ImageApp-GradientWallpapers/master/HD/28.png
https://raw.githubusercontent.com/indpDB/UC-ImageApp-GradientWallpapers/master/TH/29.png,https://raw.githubusercontent.com/indpDB/UC-ImageApp-GradientWallpapers/master/HD/29.png
https://raw.githubusercontent.com/indpDB/UC-ImageApp-GradientWallpapers/master/TH/30.png,https://raw.githubusercontent.com/indpDB/UC-ImageApp-GradientWallpapers/master/HD/30.png
https://raw.githubusercontent.com/indpDB/UC-ImageApp-GradientWallpapers/master/TH/31.png,https://raw.githubusercontent.com/indpDB/UC-ImageApp-GradientWallpapers/master/HD/31.png
https://raw.githubusercontent.com/indpDB/UC-ImageApp-GradientWallpapers/master/TH/32.png,https://raw.githubusercontent.com/indpDB/UC-ImageApp-GradientWallpapers/master/HD/32.png
https://raw.githubusercontent.com/indpDB/UC-ImageApp-GradientWallpapers/master/TH/33.png,https://raw.githubusercontent.com/indpDB/UC-ImageApp-GradientWallpapers/master/HD/33.png
https://raw.githubusercontent.com/indpDB/UC-ImageApp-GradientWallpapers/master/TH/34.png,https://raw.githubusercontent.com/indpDB/UC-ImageApp-GradientWallpapers/master/HD/34.png
https://raw.githubusercontent.com/indpDB/UC-ImageApp-GradientWallpapers/master/TH/35.png,https://raw.githubusercontent.com/indpDB/UC-ImageApp-GradientWallpapers/master/HD/35.png
https://raw.githubusercontent.com/indpDB/UC-ImageApp-GradientWallpapers/master/TH/36.png,https://raw.githubusercontent.com/indpDB/UC-ImageApp-GradientWallpapers/master/HD/36.png
https://raw.githubusercontent.com/indpDB/UC-ImageApp-GradientWallpapers/master/TH/37.png,https://raw.githubusercontent.com/indpDB/UC-ImageApp-GradientWallpapers/master/HD/37.png
https://raw.githubusercontent.com/indpDB/UC-ImageApp-GradientWallpapers/master/TH/38.png,https://raw.githubusercontent.com/indpDB/UC-ImageApp-GradientWallpapers/master/HD/38.png
https://raw.githubusercontent.com/indpDB/UC-ImageApp-GradientWallpapers/master/TH/39.png,https://raw.githubusercontent.com/indpDB/UC-ImageApp-GradientWallpapers/master/HD/39.png
https://raw.githubusercontent.com/indpDB/UC-ImageApp-GradientWallpapers/master/TH/40.png,https://raw.githubusercontent.com/indpDB/UC-ImageApp-GradientWallpapers/master/HD/40.png
https://raw.githubusercontent.com/indpDB/UC-ImageApp-GradientWallpapers/master/TH/41.png,https://raw.githubusercontent.com/indpDB/UC-ImageApp-GradientWallpapers/master/HD/41.png
https://raw.githubusercontent.com/indpDB/UC-ImageApp-GradientWallpapers/master/TH/42.png,https://raw.githubusercontent.com/indpDB/UC-ImageApp-GradientWallpapers/master/HD/42.png
https://raw.githubusercontent.com/indpDB/UC-ImageApp-GradientWallpapers/master/TH/43.png,https://raw.githubusercontent.com/indpDB/UC-ImageApp-GradientWallpapers/master/HD/43.png
https://raw.githubusercontent.com/indpDB/UC-ImageApp-GradientWallpapers/master/TH/44.png,https://raw.githubusercontent.com/indpDB/UC-ImageApp-GradientWallpapers/master/HD/44.png
https://raw.githubusercontent.com/indpDB/UC-ImageApp-GradientWallpapers/master/TH/45.png,https://raw.githubusercontent.com/indpDB/UC-ImageApp-GradientWallpapers/master/HD/45.png
https://raw.githubusercontent.com/indpDB/UC-ImageApp-GradientWallpapers/master/TH/46.png,https://raw.githubusercontent.com/indpDB/UC-ImageApp-GradientWallpapers/master/HD/46.png
https://raw.githubusercontent.com/indpDB/UC-ImageApp-GradientWallpapers/master/TH/47.png,https://raw.githubusercontent.com/indpDB/UC-ImageApp-GradientWallpapers/master/HD/47.png
https://raw.githubusercontent.com/indpDB/UC-ImageApp-GradientWallpapers/master/TH/48.png,https://raw.githubusercontent.com/indpDB/UC-ImageApp-GradientWallpapers/master/HD/48.png
https://raw.githubusercontent.com/indpDB/UC-ImageApp-GradientWallpapers/master/TH/49.png,https://raw.githubusercontent.com/indpDB/UC-ImageApp-GradientWallpapers/master/HD/49.png
https://raw.githubusercontent.com/indpDB/UC-ImageApp-GradientWallpapers/master/TH/50.png,https://raw.githubusercontent.com/indpDB/UC-ImageApp-GradientWallpapers/master/HD/50.png
https://raw.githubusercontent.com/indpDB/UC-ImageApp-GradientWallpapers/master/TH/51.png,https://raw.githubusercontent.com/indpDB/UC-ImageApp-GradientWallpapers/master/HD/51.png
https://raw.githubusercontent.com/indpDB/UC-ImageApp-GradientWallpapers/master/TH/52.png,https://raw.githubusercontent.com/indpDB/UC-ImageApp-GradientWallpapers/master/HD/52.png
https://raw.githubusercontent.com/indpDB/UC-ImageApp-GradientWallpapers/master/TH/53.png,https://raw.githubusercontent.com/indpDB/UC-ImageApp-GradientWallpapers/master/HD/53.png
https://raw.githubusercontent.com/indpDB/UC-ImageApp-GradientWallpapers/master/TH/54.png,https://raw.githubusercontent.com/indpDB/UC-ImageApp-GradientWallpapers/master/HD/54.png
https://raw.githubusercontent.com/indpDB/UC-ImageApp-GradientWallpapers/master/TH/55.png,https://raw.githubusercontent.com/indpDB/UC-ImageApp-GradientWallpapers/master/HD/55.png
https://raw.githubusercontent.com/indpDB/UC-ImageApp-GradientWallpapers/master/TH/56.png,https://raw.githubusercontent.com/indpDB/UC-ImageApp-GradientWallpapers/master/HD/56.png
https://raw.githubusercontent.com/indpDB/UC-ImageApp-GradientWallpapers/master/TH/57.png,https://raw.githubusercontent.com/indpDB/UC-ImageApp-GradientWallpapers/master/HD/57.png
https://raw.githubusercontent.com/indpDB/UC-ImageApp-GradientWallpapers/master/TH/58.png,https://raw.githubusercontent.com/indpDB/UC-ImageApp-GradientWallpapers/master/HD/58.png
https://raw.githubusercontent.com/indpDB/UC-ImageApp-GradientWallpapers/master/TH/59.png,https://raw.githubusercontent.com/indpDB/UC-ImageApp-GradientWallpapers/master/HD/59.png
https://raw.githubusercontent.com/indpDB/UC-ImageApp-GradientWallpapers/master/TH/60.png,https://raw.githubusercontent.com/indpDB/UC-ImageApp-GradientWallpapers/master/HD/60.png
https://raw.githubusercontent.com/indpDB/UC-ImageApp-GradientWallpapers/master/TH/61.png,https://raw.githubusercontent.com/indpDB/UC-ImageApp-GradientWallpapers/master/HD/61.png
https://raw.githubusercontent.com/indpDB/UC-ImageApp-GradientWallpapers/master/TH/62.png,https://raw.githubusercontent.com/indpDB/UC-ImageApp-GradientWallpapers/master/HD/62.png
https://raw.githubusercontent.com/indpDB/UC-ImageApp-GradientWallpapers/master/TH/63.png,https://raw.githubusercontent.com/indpDB/UC-ImageApp-GradientWallpapers/master/HD/63.png
https://raw.githubusercontent.com/indpDB/UC-ImageApp-GradientWallpapers/master/TH/64.png,https://raw.githubusercontent.com/indpDB/UC-ImageApp-GradientWallpapers/master/HD/64.png
https://raw.githubusercontent.com/indpDB/UC-ImageApp-GradientWallpapers/master/TH/65.png,https://raw.githubusercontent.com/indpDB/UC-ImageApp-GradientWallpapers/master/HD/65.png
https://raw.githubusercontent.com/indpDB/UC-ImageApp-GradientWallpapers/master/TH/66.png,https://raw.githubusercontent.com/indpDB/UC-ImageApp-GradientWallpapers/master/HD/66.png
https://raw.githubusercontent.com/indpDB/UC-ImageApp-GradientWallpapers/master/TH/67.png,https://raw.githubusercontent.com/indpDB/UC-ImageApp-GradientWallpapers/master/HD/67.png
https://raw.githubusercontent.com/indpDB/UC-ImageApp-GradientWallpapers/master/TH/68.png,https://raw.githubusercontent.com/indpDB/UC-ImageApp-GradientWallpapers/master/HD/68.png
https://raw.githubusercontent.com/indpDB/UC-ImageApp-GradientWallpapers/master/TH/69.png,https://raw.githubusercontent.com/indpDB/UC-ImageApp-GradientWallpapers/master/HD/69.png
https://raw.githubusercontent.com/indpDB/UC-ImageApp-GradientWallpapers/master/TH/70.png,https://raw.githubusercontent.com/indpDB/UC-ImageApp-GradientWallpapers/master/HD/70.png
https://raw.githubusercontent.com/indpDB/UC-ImageApp-GradientWallpapers/master/TH/71.png,https://raw.githubusercontent.com/indpDB/UC-ImageApp-GradientWallpapers/master/HD/71.png
https://raw.githubusercontent.com/indpDB/UC-ImageApp-GradientWallpapers/master/TH/72.png,https://raw.githubusercontent.com/indpDB/UC-ImageApp-GradientWallpapers/master/HD/72.png
https://raw.githubusercontent.com/indpDB/UC-ImageApp-GradientWallpapers/master/TH/73.png,https://raw.githubusercontent.com/indpDB/UC-ImageApp-GradientWallpapers/master/HD/73.png
https://raw.githubusercontent.com/indpDB/UC-ImageApp-GradientWallpapers/master/TH/74.png,https://raw.githubusercontent.com/indpDB/UC-ImageApp-GradientWallpapers/master/HD/74.png
https://raw.githubusercontent.com/indpDB/UC-ImageApp-GradientWallpapers/master/TH/75.png,https://raw.githubusercontent.com/indpDB/UC-ImageApp-GradientWallpapers/master/HD/75.png
https://raw.githubusercontent.com/indpDB/UC-ImageApp-GradientWallpapers/master/TH/76.png,https://raw.githubusercontent.com/indpDB/UC-ImageApp-GradientWallpapers/master/HD/76.png
https://raw.githubusercontent.com/indpDB/UC-ImageApp-GradientWallpapers/master/TH/77.png,https://raw.githubusercontent.com/indpDB/UC-ImageApp-GradientWallpapers/master/HD/77.png
https://raw.githubusercontent.com/indpDB/UC-ImageApp-GradientWallpapers/master/TH/78.png,https://raw.githubusercontent.com/indpDB/UC-ImageApp-GradientWallpapers/master/HD/78.png
https://raw.githubusercontent.com/indpDB/UC-ImageApp-GradientWallpapers/master/TH/79.png,https://raw.githubusercontent.com/indpDB/UC-ImageApp-GradientWallpapers/master/HD/79.png
https://raw.githubusercontent.com/indpDB/UC-ImageApp-GradientWallpapers/master/TH/80.png,https://raw.githubusercontent.com/indpDB/UC-ImageApp-GradientWallpapers/master/HD/80.png
https://raw.githubusercontent.com/indpDB/UC-ImageApp-GradientWallpapers/master/TH/81.png,https://raw.githubusercontent.com/indpDB/UC-ImageApp-GradientWallpapers/master/HD/81.png
https://raw.githubusercontent.com/indpDB/UC-ImageApp-GradientWallpapers/master/TH/82.png,https://raw.githubusercontent.com/indpDB/UC-ImageApp-GradientWallpapers/master/HD/82.png
https://raw.githubusercontent.com/indpDB/UC-ImageApp-GradientWallpapers/master/TH/83.png,https://raw.githubusercontent.com/indpDB/UC-ImageApp-GradientWallpapers/master/HD/83.png
https://raw.githubusercontent.com/indpDB/UC-ImageApp-GradientWallpapers/master/TH/84.png,https://raw.githubusercontent.com/indpDB/UC-ImageApp-GradientWallpapers/master/HD/84.png
https://raw.githubusercontent.com/indpDB/UC-ImageApp-GradientWallpapers/master/TH/85.png,https://raw.githubusercontent.com/indpDB/UC-ImageApp-GradientWallpapers/master/HD/85.png
https://raw.githubusercontent.com/indpDB/UC-ImageApp-GradientWallpapers/master/TH/86.png,https://raw.githubusercontent.com/indpDB/UC-ImageApp-GradientWallpapers/master/HD/86.png
https://raw.githubusercontent.com/indpDB/UC-ImageApp-GradientWallpapers/master/TH/87.png,https://raw.githubusercontent.com/indpDB/UC-ImageApp-GradientWallpapers/master/HD/87.png
https://raw.githubusercontent.com/indpDB/UC-ImageApp-GradientWallpapers/master/TH/88.png,https://raw.githubusercontent.com/indpDB/UC-ImageApp-GradientWallpapers/master/HD/88.png
https://raw.githubusercontent.com/indpDB/UC-ImageApp-GradientWallpapers/master/TH/89.png,https://raw.githubusercontent.com/indpDB/UC-ImageApp-GradientWallpapers/master/HD/89.png
https://raw.githubusercontent.com/indpDB/UC-ImageApp-GradientWallpapers/master/TH/90.png,https://raw.githubusercontent.com/indpDB/UC-ImageApp-GradientWallpapers/master/HD/90.png
https://raw.githubusercontent.com/indpDB/UC-ImageApp-GradientWallpapers/master/TH/91.png,https://raw.githubusercontent.com/indpDB/UC-ImageApp-GradientWallpapers/master/HD/91.png
https://raw.githubusercontent.com/indpDB/UC-ImageApp-GradientWallpapers/master/TH/92.png,https://raw.githubusercontent.com/indpDB/UC-ImageApp-GradientWallpapers/master/HD/92.png
https://raw.githubusercontent.com/indpDB/UC-ImageApp-GradientWallpapers/master/TH/93.png,https://raw.githubusercontent.com/indpDB/UC-ImageApp-GradientWallpapers/master/HD/93.png
https://raw.githubusercontent.com/indpDB/UC-ImageApp-GradientWallpapers/master/TH/94.png,https://raw.githubusercontent.com/indpDB/UC-ImageApp-GradientWallpapers/master/HD/94.png
https://raw.githubusercontent.com/indpDB/UC-ImageApp-GradientWallpapers/master/TH/95.png,https://raw.githubusercontent.com/indpDB/UC-ImageApp-GradientWallpapers/master/HD/95.png
https://raw.githubusercontent.com/indpDB/UC-ImageApp-GradientWallpapers/master/TH/96.png,https://raw.githubusercontent.com/indpDB/UC-ImageApp-GradientWallpapers/master/HD/96.png
https://raw.githubusercontent.com/indpDB/UC-ImageApp-GradientWallpapers/master/TH/97.png,https://raw.githubusercontent.com/indpDB/UC-ImageApp-GradientWallpapers/master/HD/97.png
https://raw.githubusercontent.com/indpDB/UC-ImageApp-GradientWallpapers/master/TH/98.png,https://raw.githubusercontent.com/indpDB/UC-ImageApp-GradientWallpapers/master/HD/98.png
https://raw.githubusercontent.com/indpDB/UC-ImageApp-GradientWallpapers/master/TH/99.png,https://raw.githubusercontent.com/indpDB/UC-ImageApp-GradientWallpapers/master/HD/99.png
https://raw.githubusercontent.com/indpDB/UC-ImageApp-GradientWallpapers/master/TH/100.png,https://raw.githubusercontent.com/indpDB/UC-ImageApp-GradientWallpapers/master/HD/100.png
